Season,GrandPrix,Driver,Team,GridPosition,FinalPosition,Points,MainCompound,PitStops,AvgLapTime,AirTemp,TrackTemp,Rain,Top10,Top5,Top3,Victory
2021,Pre-Season Test,VER,Red Bull Racing,1.0,1.0,25.0,HARD,3,101.36699999999999,28.148447204968942,37.47080745341616,False,1,1,1,1
2021,Pre-Season Test,HAM,Mercedes,2.0,2.0,19.0,HARD,3,101.39080357142858,28.148447204968942,37.47080745341616,False,1,1,1,0
2021,Pre-Season Test,PER,Red Bull Racing,3.0,3.0,15.0,MEDIUM,3,102.12098214285716,28.148447204968942,37.47080745341616,False,1,1,1,0
2021,Pre-Season Test,LEC,Ferrari,4.0,4.0,12.0,HARD,3,102.2999642857143,28.148447204968942,37.47080745341616,False,1,1,0,0
2021,Pre-Season Test,RIC,McLaren,6.0,5.0,10.0,HARD,3,102.73939285714285,28.148447204968942,37.47080745341616,False,1,1,0,0
2021,Pre-Season Test,BOT,Mercedes,9.0,6.0,8.0,HARD,3,102.79785714285715,28.148447204968942,37.47080745341616,False,1,0,0,0
2021,Pre-Season Test,SAI,Ferrari,5.0,7.0,6.0,HARD,3,102.85887500000001,28.148447204968942,37.47080745341616,False,1,0,0,0
2021,Pre-Season Test,NOR,McLaren,7.0,8.0,4.0,HARD,3,102.87405357142858,28.148447204968942,37.47080745341616,False,1,0,0,0
2021,Pre-Season Test,TSU,AlphaTauri,10.0,9.0,2.0,HARD,3,103.81965454545455,28.148447204968942,37.47080745341616,False,1,0,0,0
2021,Pre-Season Test,VET,Aston Martin,18.0,10.0,1.0,MEDIUM,3,103.85670909090909,28.148447204968942,37.47080745341616,False,1,0,0,0
2021,Pre-Season Test,GIO,Alfa Romeo Racing,12.0,11.0,0.0,HARD,3,104.02932727272727,28.148447204968942,37.47080745341616,False,0,0,0,0
2021,Pre-Season Test,STR,Aston Martin,13.0,12.0,0.0,MEDIUM,3,104.28714545454545,28.148447204968942,37.47080745341616,False,0,0,0,0
2021,Pre-Season Test,RAI,Alfa Romeo Racing,15.0,13.0,0.0,MEDIUM,3,104.34898181818183,28.148447204968942,37.47080745341616,False,0,0,0,0
2021,Pre-Season Test,RUS,Williams,20.0,14.0,0.0,HARD,3,104.39547272727273,28.148447204968942,37.47080745341616,False,0,0,0,0
2021,Pre-Season Test,LAT,Williams,14.0,15.0,0.0,HARD,3,104.9729090909091,28.148447204968942,37.47080745341616,False,0,0,0,0
2021,Pre-Season Test,MSC,Haas F1 Team,16.0,16.0,0.0,MEDIUM,3,105.22525925925926,28.148447204968942,37.47080745341616,False,0,0,0,0
2021,Pre-Season Test,MAZ,Haas F1 Team,17.0,17.0,0.0,MEDIUM,4,106.84564814814814,28.148447204968942,37.47080745341616,False,0,0,0,0
2021,Pre-Season Test,ALO,Alpine,19.0,18.0,0.0,HARD,4,104.27089795918369,28.148447204968942,37.47080745341616,False,0,0,0,0
2021,Pre-Season Test,OCO,Alpine,11.0,19.0,0.0,HARD,3,106.166775,28.148447204968942,37.47080745341616,False,0,0,0,0
2021,Pre-Season Test,GAS,AlphaTauri,8.0,20.0,0.0,MEDIUM,2,109.07442857142858,28.148447204968942,37.47080745341616,False,0,0,0,0
2021,Bahrain Grand Prix,HAM,Mercedes,2.0,1.0,25.0,HARD,3,97.5862,20.53834586466165,27.627819548872182,False,1,1,1,1
2021,Bahrain Grand Prix,VER,Red Bull Racing,1.0,2.0,18.0,MEDIUM,3,97.57529090909092,20.53834586466165,27.627819548872182,False,1,1,1,0
2021,Bahrain Grand Prix,BOT,Mercedes,3.0,3.0,16.0,HARD,4,98.31056363636364,20.53834586466165,27.627819548872182,False,1,1,1,0
2021,Bahrain Grand Prix,NOR,McLaren,7.0,4.0,12.0,HARD,3,98.51447272727273,20.53834586466165,27.627819548872182,False,1,1,0,0
2021,Bahrain Grand Prix,PER,Red Bull Racing,0.0,5.0,10.0,MEDIUM,4,99.57042857142856,20.53834586466165,27.627819548872182,False,1,1,0,0
2021,Bahrain Grand Prix,LEC,Ferrari,4.0,6.0,8.0,HARD,3,98.68725454545455,20.53834586466165,27.627819548872182,False,1,0,0,0
2021,Bahrain Grand Prix,RIC,McLaren,6.0,7.0,6.0,HARD,3,98.8882909090909,20.53834586466165,27.627819548872182,False,1,0,0,0
2021,Bahrain Grand Prix,SAI,Ferrari,8.0,8.0,4.0,MEDIUM,3,99.83923214285713,20.53834586466165,27.627819548872182,False,1,0,0,0
2021,Bahrain Grand Prix,TSU,AlphaTauri,13.0,9.0,2.0,HARD,3,100.17123214285714,20.53834586466165,27.627819548872182,False,1,0,0,0
2021,Bahrain Grand Prix,STR,Aston Martin,10.0,10.0,1.0,HARD,3,100.1894642857143,20.53834586466165,27.627819548872182,False,1,0,0,0
2021,Bahrain Grand Prix,RAI,Alfa Romeo Racing,14.0,11.0,0.0,MEDIUM,3,100.22787500000001,20.53834586466165,27.627819548872182,False,0,0,0,0
2021,Bahrain Grand Prix,GIO,Alfa Romeo Racing,12.0,12.0,0.0,MEDIUM,3,100.53263636363637,20.53834586466165,27.627819548872182,False,0,0,0,0
2021,Bahrain Grand Prix,OCO,Alpine,16.0,13.0,0.0,HARD,3,100.72718181818183,20.53834586466165,27.627819548872182,False,0,0,0,0
2021,Bahrain Grand Prix,RUS,Williams,15.0,14.0,0.0,MEDIUM,3,100.76098181818183,20.53834586466165,27.627819548872182,False,0,0,0,0
2021,Bahrain Grand Prix,VET,Aston Martin,20.0,15.0,0.0,HARD,2,100.95343636363637,20.53834586466165,27.627819548872182,False,0,0,0,0
2021,Bahrain Grand Prix,MSC,Haas F1 Team,18.0,16.0,0.0,MEDIUM,3,101.83098181818181,20.53834586466165,27.627819548872182,False,0,0,0,0
2021,Bahrain Grand Prix,GAS,AlphaTauri,5.0,17.0,0.0,HARD,4,100.18149019607841,20.53834586466165,27.627819548872182,False,0,0,0,0
2021,Bahrain Grand Prix,LAT,Williams,17.0,18.0,0.0,MEDIUM,3,102.55860784313725,20.53834586466165,27.627819548872182,False,0,0,0,0
2021,Bahrain Grand Prix,ALO,Alpine,9.0,19.0,0.0,MEDIUM,3,102.29045161290323,20.53834586466165,27.627819548872182,False,0,0,0,0
2021,Bahrain Grand Prix,MAZ,Haas F1 Team,19.0,20.0,0.0,MEDIUM,1,,20.53834586466165,27.627819548872182,False,0,0,0,0
2021,Emilia Romagna Grand Prix,VER,Red Bull Racing,3.0,1.0,25.0,MEDIUM,3,90.02996774193551,10.621118012422361,16.827329192546582,True,1,1,1,1
2021,Emilia Romagna Grand Prix,HAM,Mercedes,1.0,2.0,19.0,MEDIUM,5,89.36118644067795,10.621118012422361,16.827329192546582,True,1,1,1,0
2021,Emilia Romagna Grand Prix,NOR,McLaren,7.0,3.0,15.0,SOFT,3,91.26569354838708,10.621118012422361,16.827329192546582,True,1,1,1,0
2021,Emilia Romagna Grand Prix,LEC,Ferrari,4.0,4.0,12.0,MEDIUM,3,90.71095161290323,10.621118012422361,16.827329192546582,True,1,1,0,0
2021,Emilia Romagna Grand Prix,SAI,Ferrari,11.0,5.0,10.0,MEDIUM,3,91.44651612903226,10.621118012422361,16.827329192546582,True,1,1,0,0
2021,Emilia Romagna Grand Prix,RIC,McLaren,6.0,6.0,8.0,SOFT,3,92.0069193548387,10.621118012422361,16.827329192546582,True,1,0,0,0
2021,Emilia Romagna Grand Prix,GAS,AlphaTauri,5.0,7.0,6.0,MEDIUM,5,93.36167213114753,10.621118012422361,16.827329192546582,True,1,0,0,0
2021,Emilia Romagna Grand Prix,STR,Aston Martin,10.0,8.0,4.0,MEDIUM,4,92.33852459016396,10.621118012422361,16.827329192546582,True,1,0,0,0
2021,Emilia Romagna Grand Prix,OCO,Alpine,9.0,9.0,2.0,MEDIUM,6,92.04260000000001,10.621118012422361,16.827329192546582,True,1,0,0,0
2021,Emilia Romagna Grand Prix,ALO,Alpine,15.0,10.0,1.0,MEDIUM,4,92.93013114754098,10.621118012422361,16.827329192546582,True,1,0,0,0
2021,Emilia Romagna Grand Prix,PER,Red Bull Racing,2.0,11.0,0.0,SOFT,3,92.04198387096774,10.621118012422361,16.827329192546582,True,0,0,0,0
2021,Emilia Romagna Grand Prix,TSU,AlphaTauri,20.0,12.0,0.0,SOFT,4,92.78165573770492,10.621118012422361,16.827329192546582,True,0,0,0,0
2021,Emilia Romagna Grand Prix,RAI,Alfa Romeo Racing,16.0,13.0,0.0,MEDIUM,4,92.58003278688524,10.621118012422361,16.827329192546582,True,0,0,0,0
2021,Emilia Romagna Grand Prix,GIO,Alfa Romeo Racing,17.0,14.0,0.0,MEDIUM,5,93.42033333333335,10.621118012422361,16.827329192546582,True,0,0,0,0
2021,Emilia Romagna Grand Prix,VET,Aston Martin,0.0,15.0,0.0,SOFT,6,94.40061016949151,10.621118012422361,16.827329192546582,True,0,0,0,0
2021,Emilia Romagna Grand Prix,MSC,Haas F1 Team,18.0,16.0,0.0,MEDIUM,5,94.37689830508477,10.621118012422361,16.827329192546582,True,0,0,0,0
2021,Emilia Romagna Grand Prix,MAZ,Haas F1 Team,19.0,17.0,0.0,MEDIUM,5,96.98161666666668,10.621118012422361,16.827329192546582,True,0,0,0,0
2021,Emilia Romagna Grand Prix,BOT,Mercedes,8.0,18.0,0.0,INTERMEDIATE,2,101.96483333333332,10.621118012422361,16.827329192546582,True,0,0,0,0
2021,Emilia Romagna Grand Prix,RUS,Williams,12.0,19.0,0.0,INTERMEDIATE,2,101.98156666666665,10.621118012422361,16.827329192546582,True,0,0,0,0
2021,Emilia Romagna Grand Prix,LAT,Williams,14.0,20.0,0.0,INTERMEDIATE,1,,10.621118012422361,16.827329192546582,True,0,0,0,0
2021,Portuguese Grand Prix,HAM,Mercedes,2.0,1.0,25.0,MEDIUM,4,85.93062121212122,19.392537313432832,38.950746268656715,False,1,1,1,1
2021,Portuguese Grand Prix,VER,Red Bull Racing,3.0,2.0,18.0,MEDIUM,5,86.37225757575757,19.392537313432832,38.950746268656715,False,1,1,1,0
2021,Portuguese Grand Prix,BOT,Mercedes,1.0,3.0,16.0,MEDIUM,5,86.43865151515152,19.392537313432832,38.950746268656715,False,1,1,1,0
2021,Portuguese Grand Prix,PER,Red Bull Racing,4.0,4.0,12.0,MEDIUM,4,86.53266666666667,19.392537313432832,38.950746268656715,False,1,1,0,0
2021,Portuguese Grand Prix,NOR,McLaren,7.0,5.0,10.0,MEDIUM,4,86.70893939393939,19.392537313432832,38.950746268656715,False,1,1,0,0
2021,Portuguese Grand Prix,LEC,Ferrari,8.0,6.0,8.0,HARD,4,86.77578787878788,19.392537313432832,38.950746268656715,False,1,0,0,0
2021,Portuguese Grand Prix,OCO,Alpine,6.0,7.0,6.0,HARD,4,86.89651515151515,19.392537313432832,38.950746268656715,False,1,0,0,0
2021,Portuguese Grand Prix,ALO,Alpine,13.0,8.0,4.0,MEDIUM,4,86.91256060606061,19.392537313432832,38.950746268656715,False,1,0,0,0
2021,Portuguese Grand Prix,RIC,McLaren,16.0,9.0,2.0,MEDIUM,4,87.07257575757576,19.392537313432832,38.950746268656715,False,1,0,0,0
2021,Portuguese Grand Prix,GAS,AlphaTauri,9.0,10.0,1.0,MEDIUM,4,87.08915151515151,19.392537313432832,38.950746268656715,False,1,0,0,0
2021,Portuguese Grand Prix,SAI,Ferrari,5.0,11.0,0.0,MEDIUM,4,87.1269090909091,19.392537313432832,38.950746268656715,False,0,0,0,0
2021,Portuguese Grand Prix,GIO,Alfa Romeo Racing,12.0,12.0,0.0,HARD,4,87.29789230769231,19.392537313432832,38.950746268656715,False,0,0,0,0
2021,Portuguese Grand Prix,VET,Aston Martin,10.0,13.0,0.0,MEDIUM,4,87.37890769230769,19.392537313432832,38.950746268656715,False,0,0,0,0
2021,Portuguese Grand Prix,STR,Aston Martin,17.0,14.0,0.0,SOFT,4,87.38976923076923,19.392537313432832,38.950746268656715,False,0,0,0,0
2021,Portuguese Grand Prix,TSU,AlphaTauri,14.0,15.0,0.0,HARD,4,87.63903076923077,19.392537313432832,38.950746268656715,False,0,0,0,0
2021,Portuguese Grand Prix,RUS,Williams,11.0,16.0,0.0,HARD,4,88.2979076923077,19.392537313432832,38.950746268656715,False,0,0,0,0
2021,Portuguese Grand Prix,MSC,Haas F1 Team,19.0,17.0,0.0,HARD,4,88.732046875,19.392537313432832,38.950746268656715,False,0,0,0,0
2021,Portuguese Grand Prix,LAT,Williams,18.0,18.0,0.0,HARD,4,88.78,19.392537313432832,38.950746268656715,False,0,0,0,0
2021,Portuguese Grand Prix,MAZ,Haas F1 Team,20.0,19.0,0.0,MEDIUM,5,89.70865625,19.392537313432832,38.950746268656715,False,0,0,0,0
2021,Portuguese Grand Prix,RAI,Alfa Romeo Racing,15.0,20.0,0.0,SOFT,1,93.673,19.392537313432832,38.950746268656715,False,0,0,0,0
2021,Spanish Grand Prix,HAM,Mercedes,1.0,1.0,25.0,MEDIUM,3,84.66181818181818,22.203076923076924,32.9223076923077,False,1,1,1,1
2021,Spanish Grand Prix,VER,Red Bull Racing,2.0,2.0,19.0,MEDIUM,3,84.90183333333333,22.203076923076924,32.9223076923077,False,1,1,1,0
2021,Spanish Grand Prix,BOT,Mercedes,3.0,3.0,15.0,SOFT,3,85.06500000000001,22.203076923076924,32.9223076923077,False,1,1,1,0
2021,Spanish Grand Prix,LEC,Ferrari,4.0,4.0,12.0,SOFT,3,85.48933333333333,22.203076923076924,32.9223076923077,False,1,1,0,0
2021,Spanish Grand Prix,PER,Red Bull Racing,8.0,5.0,10.0,SOFT,3,85.62653030303031,22.203076923076924,32.9223076923077,False,1,1,0,0
2021,Spanish Grand Prix,RIC,McLaren,7.0,6.0,8.0,SOFT,3,85.77951515151514,22.203076923076924,32.9223076923077,False,1,0,0,0
2021,Spanish Grand Prix,SAI,Ferrari,6.0,7.0,6.0,SOFT,3,85.79318181818182,22.203076923076924,32.9223076923077,False,1,0,0,0
2021,Spanish Grand Prix,NOR,McLaren,9.0,8.0,4.0,SOFT,3,86.34253846153847,22.203076923076924,32.9223076923077,False,1,0,0,0
2021,Spanish Grand Prix,OCO,Alpine,5.0,9.0,2.0,MEDIUM,2,86.55755384615385,22.203076923076924,32.9223076923077,False,1,0,0,0
2021,Spanish Grand Prix,GAS,AlphaTauri,12.0,10.0,1.0,SOFT,3,86.56047692307693,22.203076923076924,32.9223076923077,False,1,0,0,0
2021,Spanish Grand Prix,STR,Aston Martin,11.0,11.0,0.0,SOFT,3,86.64103076923077,22.203076923076924,32.9223076923077,False,0,0,0,0
2021,Spanish Grand Prix,RAI,Alfa Romeo Racing,17.0,12.0,0.0,MEDIUM,2,86.65886153846154,22.203076923076924,32.9223076923077,False,0,0,0,0
2021,Spanish Grand Prix,VET,Aston Martin,13.0,13.0,0.0,SOFT,3,86.72378461538462,22.203076923076924,32.9223076923077,False,0,0,0,0
2021,Spanish Grand Prix,RUS,Williams,15.0,14.0,0.0,MEDIUM,3,86.8684923076923,22.203076923076924,32.9223076923077,False,0,0,0,0
2021,Spanish Grand Prix,GIO,Alfa Romeo Racing,14.0,15.0,0.0,SOFT,3,85.73701562499998,22.203076923076924,32.9223076923077,False,0,0,0,0
2021,Spanish Grand Prix,LAT,Williams,19.0,16.0,0.0,MEDIUM,4,87.04418461538462,22.203076923076924,32.9223076923077,False,0,0,0,0
2021,Spanish Grand Prix,ALO,Alpine,10.0,17.0,0.0,MEDIUM,3,87.04913846153845,22.203076923076924,32.9223076923077,False,0,0,0,0
2021,Spanish Grand Prix,MSC,Haas F1 Team,18.0,18.0,0.0,MEDIUM,3,87.3655,22.203076923076924,32.9223076923077,False,0,0,0,0
2021,Spanish Grand Prix,MAZ,Haas F1 Team,20.0,19.0,0.0,MEDIUM,3,88.14459375,22.203076923076924,32.9223076923077,False,0,0,0,0
2021,Spanish Grand Prix,TSU,AlphaTauri,16.0,20.0,0.0,SOFT,1,88.1965,22.203076923076924,32.9223076923077,False,0,0,0,0
2021,Monaco Grand Prix,VER,Red Bull Racing,2.0,1.0,25.0,HARD,2,76.11307692307693,20.760740740740744,37.595555555555556,False,1,1,1,1
2021,Monaco Grand Prix,SAI,Ferrari,4.0,2.0,18.0,HARD,2,76.22805128205128,20.760740740740744,37.595555555555556,False,1,1,1,0
2021,Monaco Grand Prix,NOR,McLaren,5.0,3.0,15.0,HARD,2,76.36214102564102,20.760740740740744,37.595555555555556,False,1,1,1,0
2021,Monaco Grand Prix,PER,Red Bull Racing,9.0,4.0,12.0,HARD,2,76.37576923076924,20.760740740740744,37.595555555555556,False,1,1,0,0
2021,Monaco Grand Prix,VET,Aston Martin,8.0,5.0,10.0,HARD,2,76.78732051282051,20.760740740740744,37.595555555555556,False,1,1,0,0
2021,Monaco Grand Prix,GAS,AlphaTauri,6.0,6.0,8.0,HARD,2,76.80405128205128,20.760740740740744,37.595555555555556,False,1,0,0,0
2021,Monaco Grand Prix,HAM,Mercedes,7.0,7.0,7.0,SOFT,3,76.98783333333334,20.760740740740744,37.595555555555556,False,1,0,0,0
2021,Monaco Grand Prix,STR,Aston Martin,13.0,8.0,4.0,HARD,2,77.16879220779221,20.760740740740744,37.595555555555556,False,1,0,0,0
2021,Monaco Grand Prix,OCO,Alpine,11.0,9.0,2.0,MEDIUM,2,77.64812987012986,20.760740740740744,37.595555555555556,False,1,0,0,0
2021,Monaco Grand Prix,GIO,Alfa Romeo Racing,10.0,10.0,1.0,HARD,2,77.65353246753247,20.760740740740744,37.595555555555556,False,1,0,0,0
2021,Monaco Grand Prix,RAI,Alfa Romeo Racing,14.0,11.0,0.0,MEDIUM,2,77.6710909090909,20.760740740740744,37.595555555555556,False,0,0,0,0
2021,Monaco Grand Prix,RIC,McLaren,12.0,12.0,0.0,HARD,2,77.69901298701299,20.760740740740744,37.595555555555556,False,0,0,0,0
2021,Monaco Grand Prix,ALO,Alpine,17.0,13.0,0.0,MEDIUM,2,77.70535064935063,20.760740740740744,37.595555555555556,False,0,0,0,0
2021,Monaco Grand Prix,RUS,Williams,15.0,14.0,0.0,HARD,2,78.03403896103897,20.760740740740744,37.595555555555556,False,0,0,0,0
2021,Monaco Grand Prix,LAT,Williams,18.0,15.0,0.0,MEDIUM,2,78.04811688311688,20.760740740740744,37.595555555555556,False,0,0,0,0
2021,Monaco Grand Prix,TSU,AlphaTauri,16.0,16.0,0.0,HARD,2,78.05797402597402,20.760740740740744,37.595555555555556,False,0,0,0,0
2021,Monaco Grand Prix,MAZ,Haas F1 Team,19.0,17.0,0.0,HARD,2,79.66484000000001,20.760740740740744,37.595555555555556,False,0,0,0,0
2021,Monaco Grand Prix,MSC,Haas F1 Team,20.0,18.0,0.0,HARD,2,79.68425333333334,20.760740740740744,37.595555555555556,False,0,0,0,0
2021,Monaco Grand Prix,BOT,Mercedes,3.0,19.0,0.0,SOFT,1,76.79299999999999,20.760740740740744,37.595555555555556,False,0,0,0,0
2021,Monaco Grand Prix,LEC,Ferrari,1.0,20.0,0.0,,0,,20.760740740740744,37.595555555555556,False,0,0,0,0
2021,Azerbaijan Grand Prix,PER,Red Bull Racing,6.0,1.0,25.0,HARD,4,108.29547727272728,24.17093023255814,38.31453488372093,False,1,1,1,1
2021,Azerbaijan Grand Prix,VET,Aston Martin,11.0,2.0,18.0,HARD,4,109.01661363636366,24.17093023255814,38.31453488372093,False,1,1,1,0
2021,Azerbaijan Grand Prix,GAS,AlphaTauri,4.0,3.0,15.0,HARD,4,108.98313636363636,24.17093023255814,38.31453488372093,False,1,1,1,0
2021,Azerbaijan Grand Prix,LEC,Ferrari,1.0,4.0,12.0,HARD,4,109.1019090909091,24.17093023255814,38.31453488372093,False,1,1,0,0
2021,Azerbaijan Grand Prix,NOR,McLaren,9.0,5.0,10.0,HARD,4,109.60720454545454,24.17093023255814,38.31453488372093,False,1,1,0,0
2021,Azerbaijan Grand Prix,ALO,Alpine,8.0,6.0,8.0,HARD,5,112.0396739130435,24.17093023255814,38.31453488372093,False,1,0,0,0
2021,Azerbaijan Grand Prix,TSU,AlphaTauri,7.0,7.0,6.0,HARD,4,109.30702272727272,24.17093023255814,38.31453488372093,False,1,0,0,0
2021,Azerbaijan Grand Prix,SAI,Ferrari,5.0,8.0,4.0,HARD,4,110.06727272727272,24.17093023255814,38.31453488372093,False,1,0,0,0
2021,Azerbaijan Grand Prix,RIC,McLaren,13.0,9.0,2.0,HARD,4,110.86342222222223,24.17093023255814,38.31453488372093,False,1,0,0,0
2021,Azerbaijan Grand Prix,RAI,Alfa Romeo Racing,14.0,10.0,1.0,HARD,4,112.14832608695653,24.17093023255814,38.31453488372093,False,1,0,0,0
2021,Azerbaijan Grand Prix,GIO,Alfa Romeo Racing,20.0,11.0,0.0,HARD,5,112.08421739130436,24.17093023255814,38.31453488372093,False,0,0,0,0
2021,Azerbaijan Grand Prix,BOT,Mercedes,10.0,12.0,0.0,HARD,4,109.6235,24.17093023255814,38.31453488372093,False,0,0,0,0
2021,Azerbaijan Grand Prix,MSC,Haas F1 Team,17.0,13.0,0.0,HARD,6,112.25644444444444,24.17093023255814,38.31453488372093,False,0,0,0,0
2021,Azerbaijan Grand Prix,MAZ,Haas F1 Team,18.0,14.0,0.0,SOFT,7,113.93344444444445,24.17093023255814,38.31453488372093,False,0,0,0,0
2021,Azerbaijan Grand Prix,HAM,Mercedes,2.0,15.0,0.0,HARD,4,108.56404545454546,24.17093023255814,38.31453488372093,False,0,0,0,0
2021,Azerbaijan Grand Prix,LAT,Williams,16.0,16.0,0.0,HARD,3,112.04052173913044,24.17093023255814,38.31453488372093,False,0,0,0,0
2021,Azerbaijan Grand Prix,RUS,Williams,15.0,17.0,0.0,HARD,4,111.72859090909091,24.17093023255814,38.31453488372093,False,0,0,0,0
2021,Azerbaijan Grand Prix,VER,Red Bull Racing,3.0,18.0,0.0,HARD,2,107.44317073170731,24.17093023255814,38.31453488372093,False,0,0,0,0
2021,Azerbaijan Grand Prix,STR,Aston Martin,19.0,19.0,0.0,HARD,1,108.11248275862069,24.17093023255814,38.31453488372093,False,0,0,0,0
2021,Azerbaijan Grand Prix,OCO,Alpine,12.0,20.0,0.0,SOFT,1,120.56833333333334,24.17093023255814,38.31453488372093,False,0,0,0,0
2021,French Grand Prix,VER,Red Bull Racing,1.0,1.0,26.0,MEDIUM,3,98.97679245283018,25.314399999999996,35.22879999999999,False,1,1,1,1
2021,French Grand Prix,HAM,Mercedes,2.0,2.0,18.0,HARD,2,99.03158490566038,25.314399999999996,35.22879999999999,False,1,1,1,0
2021,French Grand Prix,PER,Red Bull Racing,4.0,3.0,15.0,HARD,2,99.14303773584909,25.314399999999996,35.22879999999999,False,1,1,1,0
2021,French Grand Prix,BOT,Mercedes,3.0,4.0,12.0,HARD,2,99.25260377358488,25.314399999999996,35.22879999999999,False,1,1,0,0
2021,French Grand Prix,NOR,McLaren,8.0,5.0,10.0,HARD,2,100.18494339622642,25.314399999999996,35.22879999999999,False,1,1,0,0
2021,French Grand Prix,RIC,McLaren,10.0,6.0,8.0,HARD,2,100.40805660377359,25.314399999999996,35.22879999999999,False,1,0,0,0
2021,French Grand Prix,GAS,AlphaTauri,6.0,7.0,6.0,HARD,2,100.42199999999998,25.314399999999996,35.22879999999999,False,1,0,0,0
2021,French Grand Prix,ALO,Alpine,9.0,8.0,4.0,HARD,2,100.44273584905662,25.314399999999996,35.22879999999999,False,1,0,0,0
2021,French Grand Prix,VET,Aston Martin,12.0,9.0,2.0,HARD,2,100.47992452830188,25.314399999999996,35.22879999999999,False,1,0,0,0
2021,French Grand Prix,STR,Aston Martin,19.0,10.0,1.0,HARD,2,100.71162264150946,25.314399999999996,35.22879999999999,False,1,0,0,0
2021,French Grand Prix,SAI,Ferrari,5.0,11.0,0.0,HARD,2,100.85107547169812,25.314399999999996,35.22879999999999,False,0,0,0,0
2021,French Grand Prix,RUS,Williams,14.0,12.0,0.0,HARD,2,101.03498076923077,25.314399999999996,35.22879999999999,False,0,0,0,0
2021,French Grand Prix,TSU,AlphaTauri,0.0,13.0,0.0,HARD,2,101.11809615384611,25.314399999999996,35.22879999999999,False,0,0,0,0
2021,French Grand Prix,OCO,Alpine,11.0,14.0,0.0,HARD,2,101.13244230769232,25.314399999999996,35.22879999999999,False,0,0,0,0
2021,French Grand Prix,GIO,Alfa Romeo Racing,13.0,15.0,0.0,HARD,2,101.21857692307694,25.314399999999996,35.22879999999999,False,0,0,0,0
2021,French Grand Prix,LEC,Ferrari,7.0,16.0,0.0,MEDIUM,3,101.28161538461539,25.314399999999996,35.22879999999999,False,0,0,0,0
2021,French Grand Prix,RAI,Alfa Romeo Racing,17.0,17.0,0.0,HARD,2,101.31642307692307,25.314399999999996,35.22879999999999,False,0,0,0,0
2021,French Grand Prix,LAT,Williams,16.0,18.0,0.0,HARD,2,101.33117307692308,25.314399999999996,35.22879999999999,False,0,0,0,0
2021,French Grand Prix,MSC,Haas F1 Team,15.0,19.0,0.0,HARD,2,101.92128846153847,25.314399999999996,35.22879999999999,False,0,0,0,0
2021,French Grand Prix,MAZ,Haas F1 Team,18.0,20.0,0.0,HARD,2,102.19234615384615,25.314399999999996,35.22879999999999,False,0,0,0,0
2021,Styrian Grand Prix,VER,Red Bull Racing,1.0,1.0,25.0,HARD,2,69.562323943662,26.692372881355933,52.35254237288136,False,1,1,1,1
2021,Styrian Grand Prix,HAM,Mercedes,2.0,2.0,19.0,HARD,3,70.06574647887324,26.692372881355933,52.35254237288136,False,1,1,1,0
2021,Styrian Grand Prix,BOT,Mercedes,5.0,3.0,15.0,HARD,2,70.22298591549296,26.692372881355933,52.35254237288136,False,1,1,1,0
2021,Styrian Grand Prix,PER,Red Bull Racing,4.0,4.0,12.0,HARD,3,70.23040845070423,26.692372881355933,52.35254237288136,False,1,1,0,0
2021,Styrian Grand Prix,NOR,McLaren,3.0,5.0,10.0,HARD,2,70.63258571428572,26.692372881355933,52.35254237288136,False,1,1,0,0
2021,Styrian Grand Prix,SAI,Ferrari,12.0,6.0,8.0,MEDIUM,2,70.73204285714286,26.692372881355933,52.35254237288136,False,1,0,0,0
2021,Styrian Grand Prix,LEC,Ferrari,7.0,7.0,6.0,HARD,3,70.91081428571428,26.692372881355933,52.35254237288136,False,1,0,0,0
2021,Styrian Grand Prix,STR,Aston Martin,9.0,8.0,4.0,HARD,2,72.19070588235296,26.692372881355933,52.35254237288136,False,1,0,0,0
2021,Styrian Grand Prix,ALO,Alpine,8.0,9.0,2.0,HARD,2,71.14427142857143,26.692372881355933,52.35254237288136,False,1,0,0,0
2021,Styrian Grand Prix,TSU,AlphaTauri,11.0,10.0,1.0,HARD,2,71.1539142857143,26.692372881355933,52.35254237288136,False,1,0,0,0
2021,Styrian Grand Prix,RAI,Alfa Romeo Racing,18.0,11.0,0.0,HARD,2,71.18868571428573,26.692372881355933,52.35254237288136,False,0,0,0,0
2021,Styrian Grand Prix,VET,Aston Martin,14.0,12.0,0.0,HARD,2,71.26014285714285,26.692372881355933,52.35254237288136,False,0,0,0,0
2021,Styrian Grand Prix,RIC,McLaren,13.0,13.0,0.0,MEDIUM,2,71.27865714285713,26.692372881355933,52.35254237288136,False,0,0,0,0
2021,Styrian Grand Prix,OCO,Alpine,17.0,14.0,0.0,MEDIUM,2,71.29941428571429,26.692372881355933,52.35254237288136,False,0,0,0,0
2021,Styrian Grand Prix,GIO,Alfa Romeo Racing,15.0,15.0,0.0,HARD,2,71.39924285714287,26.692372881355933,52.35254237288136,False,0,0,0,0
2021,Styrian Grand Prix,MSC,Haas F1 Team,19.0,16.0,0.0,HARD,2,72.200884057971,26.692372881355933,52.35254237288136,False,0,0,0,0
2021,Styrian Grand Prix,LAT,Williams,16.0,17.0,0.0,HARD,3,72.68279411764708,26.692372881355933,52.35254237288136,False,0,0,0,0
2021,Styrian Grand Prix,MAZ,Haas F1 Team,20.0,18.0,0.0,HARD,2,72.80616176470588,26.692372881355933,52.35254237288136,False,0,0,0,0
2021,Styrian Grand Prix,RUS,Williams,10.0,19.0,0.0,MEDIUM,3,74.0403888888889,26.692372881355933,52.35254237288136,False,0,0,0,0
2021,Styrian Grand Prix,GAS,AlphaTauri,6.0,20.0,0.0,SOFT,1,123.661,26.692372881355933,52.35254237288136,False,0,0,0,0
2021,Austrian Grand Prix,VER,Red Bull Racing,1.0,1.0,26.0,HARD,3,70.90905633802818,20.96602564102564,33.18397435897436,True,1,1,1,1
2021,Austrian Grand Prix,BOT,Mercedes,5.0,2.0,18.0,HARD,2,71.16219718309857,20.96602564102564,33.18397435897436,True,1,1,1,0
2021,Austrian Grand Prix,NOR,McLaren,2.0,3.0,15.0,HARD,2,71.19101408450705,20.96602564102564,33.18397435897436,True,1,1,1,0
2021,Austrian Grand Prix,HAM,Mercedes,4.0,4.0,12.0,HARD,3,71.56330985915491,20.96602564102564,33.18397435897436,True,1,1,0,0
2021,Austrian Grand Prix,SAI,Ferrari,10.0,5.0,10.0,HARD,2,71.71390140845071,20.96602564102564,33.18397435897436,True,1,1,0,0
2021,Austrian Grand Prix,PER,Red Bull Racing,3.0,6.0,8.0,HARD,2,71.58391549295773,20.96602564102564,33.18397435897436,True,1,0,0,0
2021,Austrian Grand Prix,RIC,McLaren,13.0,7.0,6.0,HARD,2,71.75969014084508,20.96602564102564,33.18397435897436,True,1,0,0,0
2021,Austrian Grand Prix,LEC,Ferrari,12.0,8.0,4.0,HARD,2,71.77095774647887,20.96602564102564,33.18397435897436,True,1,0,0,0
2021,Austrian Grand Prix,GAS,AlphaTauri,6.0,9.0,2.0,HARD,3,71.7800985915493,20.96602564102564,33.18397435897436,True,1,0,0,0
2021,Austrian Grand Prix,ALO,Alpine,14.0,10.0,1.0,HARD,2,72.07981428571428,20.96602564102564,33.18397435897436,True,1,0,0,0
2021,Austrian Grand Prix,RUS,Williams,8.0,11.0,0.0,HARD,2,72.16027142857143,20.96602564102564,33.18397435897436,True,0,0,0,0
2021,Austrian Grand Prix,TSU,AlphaTauri,7.0,12.0,0.0,HARD,3,72.24231428571427,20.96602564102564,33.18397435897436,True,0,0,0,0
2021,Austrian Grand Prix,STR,Aston Martin,9.0,13.0,0.0,HARD,3,72.33742857142857,20.96602564102564,33.18397435897436,True,0,0,0,0
2021,Austrian Grand Prix,GIO,Alfa Romeo Racing,15.0,14.0,0.0,HARD,3,72.45087142857142,20.96602564102564,33.18397435897436,True,0,0,0,0
2021,Austrian Grand Prix,RAI,Alfa Romeo Racing,16.0,15.0,0.0,HARD,2,72.56340000000002,20.96602564102564,33.18397435897436,True,0,0,0,0
2021,Austrian Grand Prix,LAT,Williams,18.0,16.0,0.0,HARD,2,72.54062857142856,20.96602564102564,33.18397435897436,True,0,0,0,0
2021,Austrian Grand Prix,VET,Aston Martin,11.0,17.0,0.0,HARD,3,72.20415942028986,20.96602564102564,33.18397435897436,True,0,0,0,0
2021,Austrian Grand Prix,MSC,Haas F1 Team,19.0,18.0,0.0,HARD,2,73.05082608695652,20.96602564102564,33.18397435897436,True,0,0,0,0
2021,Austrian Grand Prix,MAZ,Haas F1 Team,20.0,19.0,0.0,HARD,3,73.79097101449275,20.96602564102564,33.18397435897436,True,0,0,0,0
2021,Austrian Grand Prix,OCO,Alpine,17.0,20.0,0.0,MEDIUM,1,,20.96602564102564,33.18397435897436,True,0,0,0,0
2021,British Grand Prix,HAM,Mercedes,2.0,1.0,25.0,MEDIUM,3,93.03512244897958,29.400000000000002,50.93152173913043,False,1,1,1,1
2021,British Grand Prix,LEC,Ferrari,4.0,2.0,18.0,MEDIUM,3,93.07944897959183,29.400000000000002,50.93152173913043,False,1,1,1,0
2021,British Grand Prix,BOT,Mercedes,3.0,3.0,15.0,HARD,3,93.23591836734694,29.400000000000002,50.93152173913043,False,1,1,1,0
2021,British Grand Prix,NOR,McLaren,5.0,4.0,12.0,HARD,3,93.65691836734693,29.400000000000002,50.93152173913043,False,1,1,0,0
2021,British Grand Prix,RIC,McLaren,6.0,5.0,10.0,HARD,3,93.9225306122449,29.400000000000002,50.93152173913043,False,1,1,0,0
2021,British Grand Prix,SAI,Ferrari,10.0,6.0,8.0,MEDIUM,3,94.96721999999998,29.400000000000002,50.93152173913043,False,1,0,0,0
2021,British Grand Prix,ALO,Alpine,7.0,7.0,6.0,HARD,3,95.56702,29.400000000000002,50.93152173913043,False,1,0,0,0
2021,British Grand Prix,STR,Aston Martin,14.0,8.0,4.0,HARD,3,95.45263999999997,29.400000000000002,50.93152173913043,False,1,0,0,0
2021,British Grand Prix,OCO,Alpine,9.0,9.0,2.0,HARD,3,95.52948,29.400000000000002,50.93152173913043,False,1,0,0,0
2021,British Grand Prix,TSU,AlphaTauri,16.0,10.0,1.0,MEDIUM,3,95.44431999999999,29.400000000000002,50.93152173913043,False,1,0,0,0
2021,British Grand Prix,GAS,AlphaTauri,11.0,11.0,0.0,MEDIUM,4,95.58683999999998,29.400000000000002,50.93152173913043,False,0,0,0,0
2021,British Grand Prix,RUS,Williams,12.0,12.0,0.0,HARD,3,95.73865306122448,29.400000000000002,50.93152173913043,False,0,0,0,0
2021,British Grand Prix,GIO,Alfa Romeo Racing,15.0,13.0,0.0,HARD,3,95.86681632653064,29.400000000000002,50.93152173913043,False,0,0,0,0
2021,British Grand Prix,LAT,Williams,17.0,14.0,0.0,HARD,3,95.7654693877551,29.400000000000002,50.93152173913043,False,0,0,0,0
2021,British Grand Prix,RAI,Alfa Romeo Racing,13.0,15.0,0.0,HARD,3,96.12759183673468,29.400000000000002,50.93152173913043,False,0,0,0,0
2021,British Grand Prix,PER,Red Bull Racing,0.0,16.0,0.0,MEDIUM,5,95.68369387755101,29.400000000000002,50.93152173913043,False,0,0,0,0
2021,British Grand Prix,MAZ,Haas F1 Team,19.0,17.0,0.0,HARD,3,96.79289795918365,29.400000000000002,50.93152173913043,False,0,0,0,0
2021,British Grand Prix,MSC,Haas F1 Team,18.0,18.0,0.0,HARD,3,97.09667346938775,29.400000000000002,50.93152173913043,False,0,0,0,0
2021,British Grand Prix,VET,Aston Martin,8.0,19.0,0.0,HARD,3,95.6275945945946,29.400000000000002,50.93152173913043,False,0,0,0,0
2021,British Grand Prix,VER,Red Bull Racing,1.0,20.0,0.0,MEDIUM,1,,29.400000000000002,50.93152173913043,False,0,0,0,0
2021,Hungarian Grand Prix,OCO,Alpine,8.0,1.0,25.0,MEDIUM,4,84.15729411764707,27.226701570680625,37.822513089005234,True,1,1,1,1
2021,Hungarian Grand Prix,HAM,Mercedes,1.0,2.0,18.0,MEDIUM,5,83.97120588235293,27.226701570680625,37.822513089005234,True,1,1,1,0
2021,Hungarian Grand Prix,SAI,Ferrari,15.0,3.0,15.0,HARD,4,84.40711764705883,27.226701570680625,37.822513089005234,True,1,1,1,0
2021,Hungarian Grand Prix,ALO,Alpine,9.0,4.0,12.0,MEDIUM,4,84.37027941176473,27.226701570680625,37.822513089005234,True,1,1,0,0
2021,Hungarian Grand Prix,GAS,AlphaTauri,5.0,5.0,11.0,HARD,5,85.1420294117647,27.226701570680625,37.822513089005234,True,1,1,0,0
2021,Hungarian Grand Prix,TSU,AlphaTauri,16.0,6.0,8.0,HARD,4,85.31864705882356,27.226701570680625,37.822513089005234,True,1,0,0,0
2021,Hungarian Grand Prix,LAT,Williams,18.0,7.0,6.0,HARD,4,85.35536764705884,27.226701570680625,37.822513089005234,True,1,0,0,0
2021,Hungarian Grand Prix,RUS,Williams,17.0,8.0,4.0,HARD,4,85.31989705882354,27.226701570680625,37.822513089005234,True,1,0,0,0
2021,Hungarian Grand Prix,VER,Red Bull Racing,3.0,9.0,2.0,MEDIUM,6,85.29720588235296,27.226701570680625,37.822513089005234,True,1,0,0,0
2021,Hungarian Grand Prix,RAI,Alfa Romeo Racing,13.0,10.0,1.0,HARD,5,85.67376119402985,27.226701570680625,37.822513089005234,True,1,0,0,0
2021,Hungarian Grand Prix,RIC,McLaren,11.0,11.0,0.0,HARD,4,85.99071641791045,27.226701570680625,37.822513089005234,True,0,0,0,0
2021,Hungarian Grand Prix,MSC,Haas F1 Team,20.0,12.0,0.0,HARD,4,86.02213432835822,27.226701570680625,37.822513089005234,True,0,0,0,0
2021,Hungarian Grand Prix,GIO,Alfa Romeo Racing,0.0,13.0,0.0,HARD,6,86.3935223880597,27.226701570680625,37.822513089005234,True,0,0,0,0
2021,Hungarian Grand Prix,MAZ,Haas F1 Team,19.0,14.0,0.0,INTERMEDIATE,3,137.794,27.226701570680625,37.822513089005234,True,0,0,0,0
2021,Hungarian Grand Prix,NOR,McLaren,6.0,15.0,0.0,INTERMEDIATE,2,142.425,27.226701570680625,37.822513089005234,True,0,0,0,0
2021,Hungarian Grand Prix,BOT,Mercedes,2.0,16.0,0.0,INTERMEDIATE,1,,27.226701570680625,37.822513089005234,True,0,0,0,0
2021,Hungarian Grand Prix,PER,Red Bull Racing,4.0,17.0,0.0,INTERMEDIATE,1,,27.226701570680625,37.822513089005234,True,0,0,0,0
2021,Hungarian Grand Prix,LEC,Ferrari,7.0,18.0,0.0,INTERMEDIATE,1,,27.226701570680625,37.822513089005234,True,0,0,0,0
2021,Hungarian Grand Prix,STR,Aston Martin,12.0,19.0,0.0,INTERMEDIATE,1,,27.226701570680625,37.822513089005234,True,0,0,0,0
2021,Hungarian Grand Prix,VET,Aston Martin,10.0,20.0,0.0,HARD,4,84.20141176470591,27.226701570680625,37.822513089005234,True,0,0,0,0
2021,Belgian Grand Prix,VER,Red Bull Racing,1.0,1.0,12.5,UNKNOWN,1,207.071,13.012413793103448,15.258620689655173,True,1,1,1,1
2021,Belgian Grand Prix,RUS,Williams,2.0,2.0,9.0,UNKNOWN,1,209.066,13.012413793103448,15.258620689655173,True,1,1,1,0
2021,Belgian Grand Prix,HAM,Mercedes,3.0,3.0,7.5,UNKNOWN,1,209.672,13.012413793103448,15.258620689655173,True,1,1,1,0
2021,Belgian Grand Prix,RIC,McLaren,4.0,4.0,6.0,UNKNOWN,1,211.567,13.012413793103448,15.258620689655173,True,1,1,0,0
2021,Belgian Grand Prix,VET,Aston Martin,5.0,5.0,5.0,UNKNOWN,1,214.55,13.012413793103448,15.258620689655173,True,1,1,0,0
2021,Belgian Grand Prix,GAS,AlphaTauri,6.0,6.0,4.0,UNKNOWN,1,217.248,13.012413793103448,15.258620689655173,True,1,0,0,0
2021,Belgian Grand Prix,OCO,Alpine,8.0,7.0,3.0,UNKNOWN,1,218.65,13.012413793103448,15.258620689655173,True,1,0,0,0
2021,Belgian Grand Prix,LEC,Ferrari,9.0,8.0,2.0,UNKNOWN,1,219.679,13.012413793103448,15.258620689655173,True,1,0,0,0
2021,Belgian Grand Prix,LAT,Williams,10.0,9.0,1.0,UNKNOWN,1,222.556,13.012413793103448,15.258620689655173,True,1,0,0,0
2021,Belgian Grand Prix,SAI,Ferrari,11.0,10.0,0.5,UNKNOWN,1,223.237,13.012413793103448,15.258620689655173,True,1,0,0,0
2021,Belgian Grand Prix,ALO,Alpine,12.0,11.0,0.0,UNKNOWN,1,227.661,13.012413793103448,15.258620689655173,True,0,0,0,0
2021,Belgian Grand Prix,BOT,Mercedes,13.0,12.0,0.0,UNKNOWN,1,229.485,13.012413793103448,15.258620689655173,True,0,0,0,0
2021,Belgian Grand Prix,GIO,Alfa Romeo Racing,14.0,13.0,0.0,UNKNOWN,1,231.234,13.012413793103448,15.258620689655173,True,0,0,0,0
2021,Belgian Grand Prix,NOR,McLaren,15.0,14.0,0.0,UNKNOWN,1,234.181,13.012413793103448,15.258620689655173,True,0,0,0,0
2021,Belgian Grand Prix,TSU,AlphaTauri,16.0,15.0,0.0,UNKNOWN,1,235.4,13.012413793103448,15.258620689655173,True,0,0,0,0
2021,Belgian Grand Prix,MSC,Haas F1 Team,17.0,16.0,0.0,UNKNOWN,1,236.578,13.012413793103448,15.258620689655173,True,0,0,0,0
2021,Belgian Grand Prix,MAZ,Haas F1 Team,18.0,17.0,0.0,UNKNOWN,1,239.064,13.012413793103448,15.258620689655173,True,0,0,0,0
2021,Belgian Grand Prix,RAI,Alfa Romeo Racing,0.0,18.0,0.0,UNKNOWN,1,243.125,13.012413793103448,15.258620689655173,True,0,0,0,0
2021,Belgian Grand Prix,PER,Red Bull Racing,0.0,19.0,0.0,UNKNOWN,1,245.276,13.012413793103448,15.258620689655173,True,0,0,0,0
2021,Belgian Grand Prix,STR,Aston Martin,19.0,20.0,0.0,UNKNOWN,1,241.179,13.012413793103448,15.258620689655173,True,0,0,0,0
2021,Dutch Grand Prix,VER,Red Bull Racing,1.0,1.0,25.0,HARD,3,75.07493055555557,21.504430379746836,36.10569620253165,False,1,1,1,1
2021,Dutch Grand Prix,HAM,Mercedes,2.0,2.0,19.0,MEDIUM,4,75.3656527777778,21.504430379746836,36.10569620253165,False,1,1,1,0
2021,Dutch Grand Prix,BOT,Mercedes,3.0,3.0,15.0,MEDIUM,3,75.85909722222222,21.504430379746836,36.10569620253165,False,1,1,1,0
2021,Dutch Grand Prix,GAS,AlphaTauri,4.0,4.0,12.0,MEDIUM,2,76.29835211267607,21.504430379746836,36.10569620253165,False,1,1,0,0
2021,Dutch Grand Prix,LEC,Ferrari,5.0,5.0,10.0,HARD,2,76.36866197183097,21.504430379746836,36.10569620253165,False,1,1,0,0
2021,Dutch Grand Prix,ALO,Alpine,9.0,6.0,8.0,MEDIUM,2,76.77273239436619,21.504430379746836,36.10569620253165,False,1,0,0,0
2021,Dutch Grand Prix,SAI,Ferrari,6.0,7.0,6.0,HARD,2,76.80135211267607,21.504430379746836,36.10569620253165,False,1,0,0,0
2021,Dutch Grand Prix,PER,Red Bull Racing,0.0,8.0,4.0,MEDIUM,3,76.80956338028169,21.504430379746836,36.10569620253165,False,1,0,0,0
2021,Dutch Grand Prix,OCO,Alpine,8.0,9.0,2.0,MEDIUM,2,76.82345070422537,21.504430379746836,36.10569620253165,False,1,0,0,0
2021,Dutch Grand Prix,NOR,McLaren,13.0,10.0,1.0,MEDIUM,2,76.86936619718311,21.504430379746836,36.10569620253165,False,1,0,0,0
2021,Dutch Grand Prix,RIC,McLaren,10.0,11.0,0.0,HARD,2,77.04678873239436,21.504430379746836,36.10569620253165,False,0,0,0,0
2021,Dutch Grand Prix,STR,Aston Martin,12.0,12.0,0.0,HARD,2,77.46738571428571,21.504430379746836,36.10569620253165,False,0,0,0,0
2021,Dutch Grand Prix,VET,Aston Martin,15.0,13.0,0.0,HARD,3,77.49915714285713,21.504430379746836,36.10569620253165,False,0,0,0,0
2021,Dutch Grand Prix,GIO,Alfa Romeo Racing,7.0,14.0,0.0,HARD,3,77.61674285714285,21.504430379746836,36.10569620253165,False,0,0,0,0
2021,Dutch Grand Prix,KUB,Alfa Romeo Racing,16.0,15.0,0.0,MEDIUM,2,78.08361428571429,21.504430379746836,36.10569620253165,False,0,0,0,0
2021,Dutch Grand Prix,LAT,Williams,0.0,16.0,0.0,HARD,2,78.11064285714285,21.504430379746836,36.10569620253165,False,0,0,0,0
2021,Dutch Grand Prix,RUS,Williams,11.0,17.0,0.0,HARD,3,78.19201449275363,21.504430379746836,36.10569620253165,False,0,0,0,0
2021,Dutch Grand Prix,MSC,Haas F1 Team,17.0,18.0,0.0,MEDIUM,3,79.24921739130434,21.504430379746836,36.10569620253165,False,0,0,0,0
2021,Dutch Grand Prix,TSU,AlphaTauri,14.0,19.0,0.0,SOFT,2,78.26412499999999,21.504430379746836,36.10569620253165,False,0,0,0,0
2021,Dutch Grand Prix,MAZ,Haas F1 Team,18.0,20.0,0.0,MEDIUM,2,79.20370731707317,21.504430379746836,36.10569620253165,False,0,0,0,0
2021,Italian Grand Prix,RIC,McLaren,2.0,1.0,26.0,HARD,2,87.77742857142856,28.885234899328864,43.52751677852349,False,1,1,1,1
2021,Italian Grand Prix,NOR,McLaren,3.0,2.0,18.0,HARD,2,89.1795,28.885234899328864,43.52751677852349,False,1,1,1,0
2021,Italian Grand Prix,BOT,Mercedes,19.0,3.0,15.0,MEDIUM,2,90.38331372549021,28.885234899328864,43.52751677852349,False,1,1,1,0
2021,Italian Grand Prix,LEC,Ferrari,5.0,4.0,12.0,HARD,2,87.71097959183673,28.885234899328864,43.52751677852349,False,1,1,0,0
2021,Italian Grand Prix,PER,Red Bull Racing,8.0,5.0,10.0,HARD,2,90.14727450980395,28.885234899328864,43.52751677852349,False,1,1,0,0
2021,Italian Grand Prix,SAI,Ferrari,6.0,6.0,8.0,HARD,2,90.48729411764705,28.885234899328864,43.52751677852349,False,1,0,0,0
2021,Italian Grand Prix,STR,Aston Martin,9.0,7.0,6.0,HARD,2,90.61945098039217,28.885234899328864,43.52751677852349,False,1,0,0,0
2021,Italian Grand Prix,ALO,Alpine,10.0,8.0,4.0,HARD,2,90.6776862745098,28.885234899328864,43.52751677852349,False,1,0,0,0
2021,Italian Grand Prix,RUS,Williams,14.0,9.0,2.0,HARD,2,90.68282352941176,28.885234899328864,43.52751677852349,False,1,0,0,0
2021,Italian Grand Prix,OCO,Alpine,12.0,10.0,1.0,HARD,2,90.69015686274508,28.885234899328864,43.52751677852349,False,1,0,0,0
2021,Italian Grand Prix,LAT,Williams,13.0,11.0,0.0,HARD,2,90.77005882352941,28.885234899328864,43.52751677852349,False,0,0,0,0
2021,Italian Grand Prix,VET,Aston Martin,11.0,12.0,0.0,MEDIUM,3,92.04692307692305,28.885234899328864,43.52751677852349,False,0,0,0,0
2021,Italian Grand Prix,GIO,Alfa Romeo Racing,7.0,13.0,0.0,MEDIUM,3,92.10063461538462,28.885234899328864,43.52751677852349,False,0,0,0,0
2021,Italian Grand Prix,KUB,Alfa Romeo Racing,17.0,14.0,0.0,MEDIUM,2,90.91874509803922,28.885234899328864,43.52751677852349,False,0,0,0,0
2021,Italian Grand Prix,MSC,Haas F1 Team,18.0,15.0,0.0,HARD,2,92.5578076923077,28.885234899328864,43.52751677852349,False,0,0,0,0
2021,Italian Grand Prix,MAZ,Haas F1 Team,16.0,16.0,0.0,MEDIUM,4,94.47240000000002,28.885234899328864,43.52751677852349,False,0,0,0,0
2021,Italian Grand Prix,HAM,Mercedes,4.0,17.0,0.0,HARD,1,87.68939999999999,28.885234899328864,43.52751677852349,False,0,0,0,0
2021,Italian Grand Prix,VER,Red Bull Racing,1.0,18.0,0.0,MEDIUM,2,88.54991999999999,28.885234899328864,43.52751677852349,False,0,0,0,0
2021,Italian Grand Prix,GAS,AlphaTauri,0.0,19.0,0.0,HARD,1,106.783,28.885234899328864,43.52751677852349,False,0,0,0,0
2021,Italian Grand Prix,TSU,AlphaTauri,0.0,20.0,0.0,,0,,28.885234899328864,43.52751677852349,False,0,0,0,0
2021,Russian Grand Prix,HAM,Mercedes,4.0,1.0,25.0,MEDIUM,3,102.66039622641509,19.13860759493671,21.75696202531645,True,1,1,1,1
2021,Russian Grand Prix,VER,Red Bull Racing,20.0,2.0,18.0,HARD,3,103.66550943396226,19.13860759493671,21.75696202531645,True,1,1,1,0
2021,Russian Grand Prix,SAI,Ferrari,2.0,3.0,15.0,HARD,3,103.83916981132073,19.13860759493671,21.75696202531645,True,1,1,1,0
2021,Russian Grand Prix,RIC,McLaren,5.0,4.0,12.0,HARD,3,103.8982641509434,19.13860759493671,21.75696202531645,True,1,1,0,0
2021,Russian Grand Prix,BOT,Mercedes,16.0,5.0,10.0,HARD,3,103.9346037735849,19.13860759493671,21.75696202531645,True,1,1,0,0
2021,Russian Grand Prix,ALO,Alpine,6.0,6.0,8.0,HARD,3,104.19475471698114,19.13860759493671,21.75696202531645,True,1,0,0,0
2021,Russian Grand Prix,NOR,McLaren,1.0,7.0,7.0,MEDIUM,3,102.63738461538463,19.13860759493671,21.75696202531645,True,1,0,0,0
2021,Russian Grand Prix,RAI,Alfa Romeo Racing,13.0,8.0,4.0,HARD,3,104.33879245283019,19.13860759493671,21.75696202531645,True,1,0,0,0
2021,Russian Grand Prix,PER,Red Bull Racing,8.0,9.0,2.0,HARD,3,104.35994339622644,19.13860759493671,21.75696202531645,True,1,0,0,0
2021,Russian Grand Prix,RUS,Williams,3.0,10.0,1.0,HARD,3,104.55758490566039,19.13860759493671,21.75696202531645,True,1,0,0,0
2021,Russian Grand Prix,STR,Aston Martin,7.0,11.0,0.0,HARD,3,104.66413207547171,19.13860759493671,21.75696202531645,True,0,0,0,0
2021,Russian Grand Prix,VET,Aston Martin,10.0,12.0,0.0,MEDIUM,3,103.58172549019608,19.13860759493671,21.75696202531645,True,0,0,0,0
2021,Russian Grand Prix,GAS,AlphaTauri,11.0,13.0,0.0,HARD,3,103.84325490196079,19.13860759493671,21.75696202531645,True,0,0,0,0
2021,Russian Grand Prix,OCO,Alpine,9.0,14.0,0.0,HARD,3,104.02417647058824,19.13860759493671,21.75696202531645,True,0,0,0,0
2021,Russian Grand Prix,LEC,Ferrari,19.0,15.0,0.0,HARD,3,103.90870588235292,19.13860759493671,21.75696202531645,True,0,0,0,0
2021,Russian Grand Prix,GIO,Alfa Romeo Racing,17.0,16.0,0.0,HARD,3,104.92499999999998,19.13860759493671,21.75696202531645,True,0,0,0,0
2021,Russian Grand Prix,TSU,AlphaTauri,12.0,17.0,0.0,HARD,4,106.5863076923077,19.13860759493671,21.75696202531645,True,0,0,0,0
2021,Russian Grand Prix,MAZ,Haas F1 Team,15.0,18.0,0.0,HARD,3,107.00047058823529,19.13860759493671,21.75696202531645,True,0,0,0,0
2021,Russian Grand Prix,LAT,Williams,18.0,19.0,0.0,HARD,2,103.43434042553191,19.13860759493671,21.75696202531645,True,0,0,0,0
2021,Russian Grand Prix,MSC,Haas F1 Team,14.0,20.0,0.0,MEDIUM,2,104.44296875,19.13860759493671,21.75696202531645,True,0,0,0,0
2021,Turkish Grand Prix,BOT,Mercedes,1.0,1.0,26.0,INTERMEDIATE,2,94.20867241379311,15.82547770700637,18.18089171974522,False,1,1,1,1
2021,Turkish Grand Prix,VER,Red Bull Racing,2.0,2.0,18.0,INTERMEDIATE,2,94.46012068965517,15.82547770700637,18.18089171974522,False,1,1,1,0
2021,Turkish Grand Prix,PER,Red Bull Racing,6.0,3.0,15.0,INTERMEDIATE,2,94.78575862068965,15.82547770700637,18.18089171974522,False,1,1,1,0
2021,Turkish Grand Prix,LEC,Ferrari,3.0,4.0,12.0,INTERMEDIATE,2,94.86063793103447,15.82547770700637,18.18089171974522,False,1,1,0,0
2021,Turkish Grand Prix,HAM,Mercedes,11.0,5.0,10.0,INTERMEDIATE,2,94.92956896551726,15.82547770700637,18.18089171974522,False,1,1,0,0
2021,Turkish Grand Prix,GAS,AlphaTauri,4.0,6.0,8.0,INTERMEDIATE,2,94.97232758620689,15.82547770700637,18.18089171974522,False,1,0,0,0
2021,Turkish Grand Prix,NOR,McLaren,7.0,7.0,6.0,INTERMEDIATE,2,95.02268965517241,15.82547770700637,18.18089171974522,False,1,0,0,0
2021,Turkish Grand Prix,SAI,Ferrari,19.0,8.0,4.0,INTERMEDIATE,2,95.09705172413794,15.82547770700637,18.18089171974522,False,1,0,0,0
2021,Turkish Grand Prix,STR,Aston Martin,8.0,9.0,2.0,INTERMEDIATE,2,95.62277586206898,15.82547770700637,18.18089171974522,False,1,0,0,0
2021,Turkish Grand Prix,OCO,Alpine,12.0,10.0,1.0,INTERMEDIATE,1,96.04977192982456,15.82547770700637,18.18089171974522,False,1,0,0,0
2021,Turkish Grand Prix,GIO,Alfa Romeo Racing,16.0,11.0,0.0,INTERMEDIATE,2,96.06301754385966,15.82547770700637,18.18089171974522,False,0,0,0,0
2021,Turkish Grand Prix,RAI,Alfa Romeo Racing,17.0,12.0,0.0,INTERMEDIATE,2,96.1513157894737,15.82547770700637,18.18089171974522,False,0,0,0,0
2021,Turkish Grand Prix,RIC,McLaren,20.0,13.0,0.0,INTERMEDIATE,2,96.1960350877193,15.82547770700637,18.18089171974522,False,0,0,0,0
2021,Turkish Grand Prix,TSU,AlphaTauri,9.0,14.0,0.0,INTERMEDIATE,2,96.28998245614036,15.82547770700637,18.18089171974522,False,0,0,0,0
2021,Turkish Grand Prix,RUS,Williams,13.0,15.0,0.0,INTERMEDIATE,2,96.35471929824561,15.82547770700637,18.18089171974522,False,0,0,0,0
2021,Turkish Grand Prix,ALO,Alpine,5.0,16.0,0.0,INTERMEDIATE,2,96.39663157894738,15.82547770700637,18.18089171974522,False,0,0,0,0
2021,Turkish Grand Prix,LAT,Williams,15.0,17.0,0.0,INTERMEDIATE,2,96.49331578947368,15.82547770700637,18.18089171974522,False,0,0,0,0
2021,Turkish Grand Prix,VET,Aston Martin,10.0,18.0,0.0,INTERMEDIATE,3,95.71278571428572,15.82547770700637,18.18089171974522,False,0,0,0,0
2021,Turkish Grand Prix,MSC,Haas F1 Team,14.0,19.0,0.0,INTERMEDIATE,2,97.91766071428572,15.82547770700637,18.18089171974522,False,0,0,0,0
2021,Turkish Grand Prix,MAZ,Haas F1 Team,18.0,20.0,0.0,INTERMEDIATE,2,98.34876785714285,15.82547770700637,18.18089171974522,False,0,0,0,0
2021,United States Grand Prix,VER,Red Bull Racing,1.0,1.0,25.0,HARD,3,101.36699999999999,28.148447204968942,37.47080745341616,False,1,1,1,1
2021,United States Grand Prix,HAM,Mercedes,2.0,2.0,19.0,HARD,3,101.39080357142858,28.148447204968942,37.47080745341616,False,1,1,1,0
2021,United States Grand Prix,PER,Red Bull Racing,3.0,3.0,15.0,MEDIUM,3,102.12098214285716,28.148447204968942,37.47080745341616,False,1,1,1,0
2021,United States Grand Prix,LEC,Ferrari,4.0,4.0,12.0,HARD,3,102.2999642857143,28.148447204968942,37.47080745341616,False,1,1,0,0
2021,United States Grand Prix,RIC,McLaren,6.0,5.0,10.0,HARD,3,102.73939285714285,28.148447204968942,37.47080745341616,False,1,1,0,0
2021,United States Grand Prix,BOT,Mercedes,9.0,6.0,8.0,HARD,3,102.79785714285715,28.148447204968942,37.47080745341616,False,1,0,0,0
2021,United States Grand Prix,SAI,Ferrari,5.0,7.0,6.0,HARD,3,102.85887500000001,28.148447204968942,37.47080745341616,False,1,0,0,0
2021,United States Grand Prix,NOR,McLaren,7.0,8.0,4.0,HARD,3,102.87405357142858,28.148447204968942,37.47080745341616,False,1,0,0,0
2021,United States Grand Prix,TSU,AlphaTauri,10.0,9.0,2.0,HARD,3,103.81965454545455,28.148447204968942,37.47080745341616,False,1,0,0,0
2021,United States Grand Prix,VET,Aston Martin,18.0,10.0,1.0,MEDIUM,3,103.85670909090909,28.148447204968942,37.47080745341616,False,1,0,0,0
2021,United States Grand Prix,GIO,Alfa Romeo Racing,12.0,11.0,0.0,HARD,3,104.02932727272727,28.148447204968942,37.47080745341616,False,0,0,0,0
2021,United States Grand Prix,STR,Aston Martin,13.0,12.0,0.0,MEDIUM,3,104.28714545454545,28.148447204968942,37.47080745341616,False,0,0,0,0
2021,United States Grand Prix,RAI,Alfa Romeo Racing,15.0,13.0,0.0,MEDIUM,3,104.34898181818183,28.148447204968942,37.47080745341616,False,0,0,0,0
2021,United States Grand Prix,RUS,Williams,20.0,14.0,0.0,HARD,3,104.39547272727273,28.148447204968942,37.47080745341616,False,0,0,0,0
2021,United States Grand Prix,LAT,Williams,14.0,15.0,0.0,HARD,3,104.9729090909091,28.148447204968942,37.47080745341616,False,0,0,0,0
2021,United States Grand Prix,MSC,Haas F1 Team,16.0,16.0,0.0,MEDIUM,3,105.22525925925926,28.148447204968942,37.47080745341616,False,0,0,0,0
2021,United States Grand Prix,MAZ,Haas F1 Team,17.0,17.0,0.0,MEDIUM,4,106.84564814814814,28.148447204968942,37.47080745341616,False,0,0,0,0
2021,United States Grand Prix,ALO,Alpine,19.0,18.0,0.0,HARD,4,104.27089795918369,28.148447204968942,37.47080745341616,False,0,0,0,0
2021,United States Grand Prix,OCO,Alpine,11.0,19.0,0.0,HARD,3,106.166775,28.148447204968942,37.47080745341616,False,0,0,0,0
2021,United States Grand Prix,GAS,AlphaTauri,8.0,20.0,0.0,MEDIUM,2,109.07442857142858,28.148447204968942,37.47080745341616,False,0,0,0,0
2021,Mexico City Grand Prix,VER,Red Bull Racing,3.0,1.0,25.0,HARD,2,83.36740845070423,21.206707317073167,47.579268292682926,False,1,1,1,1
2021,Mexico City Grand Prix,HAM,Mercedes,2.0,2.0,18.0,HARD,2,83.60057746478874,21.206707317073167,47.579268292682926,False,1,1,1,0
2021,Mexico City Grand Prix,PER,Red Bull Racing,4.0,3.0,15.0,MEDIUM,2,83.61743661971829,21.206707317073167,47.579268292682926,False,1,1,1,0
2021,Mexico City Grand Prix,GAS,AlphaTauri,5.0,4.0,12.0,HARD,2,84.26663380281691,21.206707317073167,47.579268292682926,False,1,1,0,0
2021,Mexico City Grand Prix,LEC,Ferrari,8.0,5.0,10.0,HARD,2,84.50877464788732,21.206707317073167,47.579268292682926,False,1,1,0,0
2021,Mexico City Grand Prix,SAI,Ferrari,6.0,6.0,8.0,MEDIUM,2,84.5930857142857,21.206707317073167,47.579268292682926,False,1,0,0,0
2021,Mexico City Grand Prix,VET,Aston Martin,9.0,7.0,6.0,HARD,2,84.70205714285713,21.206707317073167,47.579268292682926,False,1,0,0,0
2021,Mexico City Grand Prix,RAI,Alfa Romeo Racing,10.0,8.0,4.0,HARD,2,84.77492857142857,21.206707317073167,47.579268292682926,False,1,0,0,0
2021,Mexico City Grand Prix,ALO,Alpine,12.0,9.0,2.0,MEDIUM,2,84.89678571428573,21.206707317073167,47.579268292682926,False,1,0,0,0
2021,Mexico City Grand Prix,NOR,McLaren,18.0,10.0,1.0,MEDIUM,2,84.93302857142858,21.206707317073167,47.579268292682926,False,1,0,0,0
2021,Mexico City Grand Prix,GIO,Alfa Romeo Racing,11.0,11.0,0.0,HARD,2,85.42978571428573,21.206707317073167,47.579268292682926,False,0,0,0,0
2021,Mexico City Grand Prix,RIC,McLaren,7.0,12.0,0.0,HARD,3,85.44250000000002,21.206707317073167,47.579268292682926,False,0,0,0,0
2021,Mexico City Grand Prix,OCO,Alpine,19.0,13.0,0.0,HARD,2,85.60655714285711,21.206707317073167,47.579268292682926,False,0,0,0,0
2021,Mexico City Grand Prix,STR,Aston Martin,20.0,14.0,0.0,MEDIUM,3,85.89908695652174,21.206707317073167,47.579268292682926,False,0,0,0,0
2021,Mexico City Grand Prix,BOT,Mercedes,1.0,15.0,0.0,HARD,5,86.26114492753624,21.206707317073167,47.579268292682926,False,0,0,0,0
2021,Mexico City Grand Prix,RUS,Williams,16.0,16.0,0.0,HARD,2,86.34620289855071,21.206707317073167,47.579268292682926,False,0,0,0,0
2021,Mexico City Grand Prix,LAT,Williams,13.0,17.0,0.0,HARD,3,86.55617391304348,21.206707317073167,47.579268292682926,False,0,0,0,0
2021,Mexico City Grand Prix,MAZ,Haas F1 Team,15.0,18.0,0.0,HARD,3,87.74122058823528,21.206707317073167,47.579268292682926,False,0,0,0,0
2021,Mexico City Grand Prix,MSC,Haas F1 Team,14.0,19.0,0.0,MEDIUM,1,,21.206707317073167,47.579268292682926,False,0,0,0,0
2021,Mexico City Grand Prix,TSU,AlphaTauri,17.0,20.0,0.0,SOFT,1,,21.206707317073167,47.579268292682926,False,0,0,0,0
2021,São Paulo Grand Prix,HAM,Mercedes,10.0,1.0,25.0,HARD,5,78.06832394366197,23.1373417721519,51.56139240506329,False,1,1,1,1
2021,São Paulo Grand Prix,VER,Red Bull Racing,2.0,2.0,18.0,HARD,5,78.21615492957746,23.1373417721519,51.56139240506329,False,1,1,1,0
2021,São Paulo Grand Prix,BOT,Mercedes,1.0,3.0,15.0,HARD,5,78.25953521126762,23.1373417721519,51.56139240506329,False,1,1,1,0
2021,São Paulo Grand Prix,PER,Red Bull Racing,4.0,4.0,13.0,HARD,6,78.63085915492957,23.1373417721519,51.56139240506329,False,1,1,0,0
2021,São Paulo Grand Prix,LEC,Ferrari,6.0,5.0,10.0,MEDIUM,5,78.76574647887324,23.1373417721519,51.56139240506329,False,1,1,0,0
2021,São Paulo Grand Prix,SAI,Ferrari,3.0,6.0,8.0,MEDIUM,5,78.79818309859156,23.1373417721519,51.56139240506329,False,1,0,0,0
2021,São Paulo Grand Prix,GAS,AlphaTauri,7.0,7.0,6.0,HARD,5,79.24347142857143,23.1373417721519,51.56139240506329,False,1,0,0,0
2021,São Paulo Grand Prix,OCO,Alpine,8.0,8.0,4.0,HARD,4,79.4767,23.1373417721519,51.56139240506329,False,1,0,0,0
2021,São Paulo Grand Prix,ALO,Alpine,12.0,9.0,2.0,HARD,4,79.4837142857143,23.1373417721519,51.56139240506329,False,1,0,0,0
2021,São Paulo Grand Prix,NOR,McLaren,5.0,10.0,1.0,HARD,6,79.52652857142857,23.1373417721519,51.56139240506329,False,1,0,0,0
2021,São Paulo Grand Prix,VET,Aston Martin,9.0,11.0,0.0,MEDIUM,5,79.54492857142857,23.1373417721519,51.56139240506329,False,0,0,0,0
2021,São Paulo Grand Prix,RAI,Alfa Romeo Racing,0.0,12.0,0.0,MEDIUM,5,79.62769999999999,23.1373417721519,51.56139240506329,False,0,0,0,0
2021,São Paulo Grand Prix,RUS,Williams,17.0,13.0,0.0,HARD,5,80.0134142857143,23.1373417721519,51.56139240506329,False,0,0,0,0
2021,São Paulo Grand Prix,GIO,Alfa Romeo Racing,13.0,14.0,0.0,MEDIUM,5,80.04875714285716,23.1373417721519,51.56139240506329,False,0,0,0,0
2021,São Paulo Grand Prix,TSU,AlphaTauri,15.0,15.0,0.0,HARD,6,80.10931428571429,23.1373417721519,51.56139240506329,False,0,0,0,0
2021,São Paulo Grand Prix,LAT,Williams,16.0,16.0,0.0,HARD,5,80.1666142857143,23.1373417721519,51.56139240506329,False,0,0,0,0
2021,São Paulo Grand Prix,MAZ,Haas F1 Team,19.0,17.0,0.0,HARD,4,80.84157971014493,23.1373417721519,51.56139240506329,False,0,0,0,0
2021,São Paulo Grand Prix,MSC,Haas F1 Team,18.0,18.0,0.0,MEDIUM,6,81.38297101449274,23.1373417721519,51.56139240506329,False,0,0,0,0
2021,São Paulo Grand Prix,RIC,McLaren,11.0,19.0,0.0,MEDIUM,4,81.37783673469389,23.1373417721519,51.56139240506329,False,0,0,0,0
2021,São Paulo Grand Prix,STR,Aston Martin,14.0,20.0,0.0,HARD,4,82.16448936170212,23.1373417721519,51.56139240506329,False,0,0,0,0
2021,Qatar Grand Prix,HAM,Mercedes,1.0,1.0,25.0,MEDIUM,3,88.92054385964913,26.41513157894737,30.60328947368421,True,1,1,1,1
2021,Qatar Grand Prix,VER,Red Bull Racing,7.0,2.0,19.0,MEDIUM,4,89.37217543859649,26.41513157894737,30.60328947368421,True,1,1,1,0
2021,Qatar Grand Prix,ALO,Alpine,3.0,3.0,15.0,HARD,2,89.96364912280701,26.41513157894737,30.60328947368421,True,1,1,1,0
2021,Qatar Grand Prix,PER,Red Bull Racing,11.0,4.0,12.0,MEDIUM,3,90.01363157894735,26.41513157894737,30.60328947368421,True,1,1,0,0
2021,Qatar Grand Prix,OCO,Alpine,9.0,5.0,10.0,HARD,2,90.33405263157896,26.41513157894737,30.60328947368421,True,1,1,0,0
2021,Qatar Grand Prix,STR,Aston Martin,12.0,6.0,8.0,HARD,2,90.34640350877193,26.41513157894737,30.60328947368421,True,1,0,0,0
2021,Qatar Grand Prix,SAI,Ferrari,5.0,7.0,6.0,HARD,2,90.35757894736841,26.41513157894737,30.60328947368421,True,1,0,0,0
2021,Qatar Grand Prix,LEC,Ferrari,13.0,8.0,4.0,HARD,2,90.3788947368421,26.41513157894737,30.60328947368421,True,1,0,0,0
2021,Qatar Grand Prix,NOR,McLaren,4.0,9.0,2.0,SOFT,3,90.52117857142856,26.41513157894737,30.60328947368421,True,1,0,0,0
2021,Qatar Grand Prix,VET,Aston Martin,10.0,10.0,1.0,MEDIUM,2,90.60833928571427,26.41513157894737,30.60328947368421,True,1,0,0,0
2021,Qatar Grand Prix,GAS,AlphaTauri,2.0,11.0,0.0,MEDIUM,3,90.70821428571428,26.41513157894737,30.60328947368421,True,0,0,0,0
2021,Qatar Grand Prix,RIC,McLaren,14.0,12.0,0.0,HARD,2,91.10841071428571,26.41513157894737,30.60328947368421,True,0,0,0,0
2021,Qatar Grand Prix,TSU,AlphaTauri,8.0,13.0,0.0,MEDIUM,3,91.11423214285716,26.41513157894737,30.60328947368421,True,0,0,0,0
2021,Qatar Grand Prix,RAI,Alfa Romeo Racing,16.0,14.0,0.0,HARD,3,91.16439285714286,26.41513157894737,30.60328947368421,True,0,0,0,0
2021,Qatar Grand Prix,GIO,Alfa Romeo Racing,18.0,15.0,0.0,MEDIUM,3,91.60024999999999,26.41513157894737,30.60328947368421,True,0,0,0,0
2021,Qatar Grand Prix,MSC,Haas F1 Team,19.0,16.0,0.0,MEDIUM,2,91.62842857142857,26.41513157894737,30.60328947368421,True,0,0,0,0
2021,Qatar Grand Prix,RUS,Williams,15.0,17.0,0.0,HARD,3,92.48198181818184,26.41513157894737,30.60328947368421,True,0,0,0,0
2021,Qatar Grand Prix,MAZ,Haas F1 Team,20.0,18.0,0.0,MEDIUM,2,92.88829090909093,26.41513157894737,30.60328947368421,True,0,0,0,0
2021,Qatar Grand Prix,LAT,Williams,17.0,19.0,0.0,HARD,2,91.19662,26.41513157894737,30.60328947368421,True,0,0,0,0
2021,Qatar Grand Prix,BOT,Mercedes,6.0,20.0,0.0,MEDIUM,2,89.53842553191491,26.41513157894737,30.60328947368421,True,0,0,0,0
2021,Saudi Arabian Grand Prix,HAM,Mercedes,1.0,1.0,26.0,HARD,4,97.34811627906977,28.816062176165804,31.68497409326425,False,1,1,1,1
2021,Saudi Arabian Grand Prix,VER,Red Bull Racing,3.0,2.0,18.0,MEDIUM,3,97.68348837209304,28.816062176165804,31.68497409326425,False,1,1,1,0
2021,Saudi Arabian Grand Prix,BOT,Mercedes,2.0,3.0,15.0,MEDIUM,4,99.27225,28.816062176165804,31.68497409326425,False,1,1,1,0
2021,Saudi Arabian Grand Prix,OCO,Alpine,9.0,4.0,12.0,HARD,3,98.57027906976744,28.816062176165804,31.68497409326425,False,1,1,0,0
2021,Saudi Arabian Grand Prix,RIC,McLaren,11.0,5.0,10.0,MEDIUM,3,98.83997674418605,28.816062176165804,31.68497409326425,False,1,1,0,0
2021,Saudi Arabian Grand Prix,GAS,AlphaTauri,6.0,6.0,8.0,HARD,3,99.93597727272727,28.816062176165804,31.68497409326425,False,1,0,0,0
2021,Saudi Arabian Grand Prix,LEC,Ferrari,4.0,7.0,6.0,HARD,4,99.61145454545454,28.816062176165804,31.68497409326425,False,1,0,0,0
2021,Saudi Arabian Grand Prix,SAI,Ferrari,15.0,8.0,4.0,MEDIUM,3,100.03690909090909,28.816062176165804,31.68497409326425,False,1,0,0,0
2021,Saudi Arabian Grand Prix,GIO,Alfa Romeo Racing,10.0,9.0,2.0,HARD,3,100.35797727272728,28.816062176165804,31.68497409326425,False,1,0,0,0
2021,Saudi Arabian Grand Prix,NOR,McLaren,7.0,10.0,1.0,HARD,4,99.67572727272727,28.816062176165804,31.68497409326425,False,1,0,0,0
2021,Saudi Arabian Grand Prix,STR,Aston Martin,18.0,11.0,0.0,MEDIUM,4,102.07802222222222,28.816062176165804,31.68497409326425,False,0,0,0,0
2021,Saudi Arabian Grand Prix,LAT,Williams,16.0,12.0,0.0,HARD,4,100.9099090909091,28.816062176165804,31.68497409326425,False,0,0,0,0
2021,Saudi Arabian Grand Prix,ALO,Alpine,13.0,13.0,0.0,HARD,5,101.62562790697675,28.816062176165804,31.68497409326425,False,0,0,0,0
2021,Saudi Arabian Grand Prix,TSU,AlphaTauri,8.0,14.0,0.0,HARD,4,100.0935238095238,28.816062176165804,31.68497409326425,False,0,0,0,0
2021,Saudi Arabian Grand Prix,RAI,Alfa Romeo Racing,12.0,15.0,0.0,MEDIUM,4,102.10018604651162,28.816062176165804,31.68497409326425,False,0,0,0,0
2021,Saudi Arabian Grand Prix,VET,Aston Martin,17.0,16.0,0.0,MEDIUM,3,102.67934210526317,28.816062176165804,31.68497409326425,False,0,0,0,0
2021,Saudi Arabian Grand Prix,PER,Red Bull Racing,5.0,17.0,0.0,MEDIUM,3,98.1371,28.816062176165804,31.68497409326425,False,0,0,0,0
2021,Saudi Arabian Grand Prix,MAZ,Haas F1 Team,20.0,18.0,0.0,MEDIUM,2,106.72381818181817,28.816062176165804,31.68497409326425,False,0,0,0,0
2021,Saudi Arabian Grand Prix,RUS,Williams,14.0,19.0,0.0,MEDIUM,3,106.90781818181819,28.816062176165804,31.68497409326425,False,0,0,0,0
2021,Saudi Arabian Grand Prix,MSC,Haas F1 Team,19.0,20.0,0.0,MEDIUM,1,98.543,28.816062176165804,31.68497409326425,False,0,0,0,0
2021,Abu Dhabi Grand Prix,VER,Red Bull Racing,1.0,1.0,26.0,HARD,4,92.40192982456144,24.519108280254777,28.465605095541402,False,1,1,1,1
2021,Abu Dhabi Grand Prix,HAM,Mercedes,2.0,2.0,18.0,HARD,2,92.41259649122807,24.519108280254777,28.465605095541402,False,1,1,1,0
2021,Abu Dhabi Grand Prix,SAI,Ferrari,5.0,3.0,15.0,HARD,2,93.4916896551724,24.519108280254777,28.465605095541402,False,1,1,1,0
2021,Abu Dhabi Grand Prix,TSU,AlphaTauri,8.0,4.0,12.0,HARD,3,93.50063793103448,24.519108280254777,28.465605095541402,False,1,1,0,0
2021,Abu Dhabi Grand Prix,GAS,AlphaTauri,12.0,5.0,10.0,HARD,3,93.51510344827587,24.519108280254777,28.465605095541402,False,1,1,0,0
2021,Abu Dhabi Grand Prix,BOT,Mercedes,6.0,6.0,8.0,MEDIUM,2,93.53117241379312,24.519108280254777,28.465605095541402,False,1,0,0,0
2021,Abu Dhabi Grand Prix,NOR,McLaren,3.0,7.0,6.0,HARD,3,93.41061403508772,24.519108280254777,28.465605095541402,False,1,0,0,0
2021,Abu Dhabi Grand Prix,ALO,Alpine,11.0,8.0,4.0,HARD,2,93.4567192982456,24.519108280254777,28.465605095541402,False,1,0,0,0
2021,Abu Dhabi Grand Prix,OCO,Alpine,9.0,9.0,2.0,HARD,2,93.50573684210525,24.519108280254777,28.465605095541402,False,1,0,0,0
2021,Abu Dhabi Grand Prix,LEC,Ferrari,7.0,10.0,1.0,MEDIUM,3,93.53885964912281,24.519108280254777,28.465605095541402,False,1,0,0,0
2021,Abu Dhabi Grand Prix,VET,Aston Martin,15.0,11.0,0.0,HARD,2,93.58505263157895,24.519108280254777,28.465605095541402,False,0,0,0,0
2021,Abu Dhabi Grand Prix,RIC,McLaren,10.0,12.0,0.0,HARD,3,94.11424999999998,24.519108280254777,28.465605095541402,False,0,0,0,0
2021,Abu Dhabi Grand Prix,STR,Aston Martin,13.0,13.0,0.0,HARD,3,95.1811754385965,24.519108280254777,28.465605095541402,False,0,0,0,0
2021,Abu Dhabi Grand Prix,MSC,Haas F1 Team,19.0,14.0,0.0,HARD,3,95.19205263157895,24.519108280254777,28.465605095541402,False,0,0,0,0
2021,Abu Dhabi Grand Prix,PER,Red Bull Racing,4.0,15.0,0.0,HARD,4,91.86492727272727,24.519108280254777,28.465605095541402,False,0,0,0,0
2021,Abu Dhabi Grand Prix,LAT,Williams,16.0,16.0,0.0,MEDIUM,2,92.30982000000002,24.519108280254777,28.465605095541402,False,0,0,0,0
2021,Abu Dhabi Grand Prix,GIO,Alfa Romeo Racing,14.0,17.0,0.0,HARD,2,91.52418181818183,24.519108280254777,28.465605095541402,False,0,0,0,0
2021,Abu Dhabi Grand Prix,RUS,Williams,17.0,18.0,0.0,MEDIUM,1,92.18372,24.519108280254777,28.465605095541402,False,0,0,0,0
2021,Abu Dhabi Grand Prix,RAI,Alfa Romeo Racing,18.0,19.0,0.0,MEDIUM,2,94.54444,24.519108280254777,28.465605095541402,False,0,0,0,0
2021,Abu Dhabi Grand Prix,MAZ,Haas F1 Team,,,0.0,,0,,24.519108280254777,28.465605095541402,False,0,0,0,0
